Date,Monthly Payment,Interest Payment,Principal Payment,Principal
2023-01-01,1887.1233644010988,416.6666666666667,1470.456697734432,98529.54330226556
2023-01-31,1887.1233644010988,410.53976375943984,1476.583600641659,97052.9597016239
2023-03-02,1887.1233644010988,404.38733209009956,1482.7360323109992,95570.2236693129
2023-04-01,1887.1233644010988,398.20926528880375,1488.914099112295,94081.3095702006
2023-05-01,1887.1233644010988,392.0054565425025,1495.1179078585963,92586.191662342
2023-05-31,1887.1233644010988,385.7757985930916,1501.3475658080072,91084.84409653398
2023-06-30,1887.1233644010988,379.52018373555825,1507.6031806655405,89577.24091586845
2023-07-30,1887.1233644010988,373.2385038161185,1513.8848605849803,88063.35605528347
2023-08-29,1887.1233644010988,366.9306502303478,1520.192714170751,86543.16334111271
2023-09-28,1887.1233644010988,360.59651392130297,1526.526850479796,85016.63649063291
2023-10-28,1887.1233644010988,354.2359853776371,1532.8873790234616,83483.74911160945
2023-11-27,1887.1233644010988,347.848954631706,1539.2744097693928,81944.47470184005
2023-12-27,1887.1233644010988,341.43531125766685,1545.688053143432,80398.78664869662
2024-01-26,1887.1233644010988,334.9949443695693,1552.1284200315295,78846.6582286651
2024-02-25,1887.1233644010988,328.5277426194379,1558.5956217816608,77288.06260688344
2024-03-26,1887.1233644010988,322.03359419534763,1565.0897702057512,75722.97283667768
2024-04-25,1887.1233644010988,315.51238681949036,1571.6109775816085,74151.36185909607
2024-05-25,1887.1233644010988,308.9640077462336,1578.1593566548652,72573.2025024412
2024-06-24,1887.1233644010988,302.38834376017167,1584.7350206409271,70988.46748180027
2024-07-24,1887.1233644010988,295.7852811741678,1591.338083226931,69397.12939857334
2024-08-23,1887.1233644010988,289.1547058273889,1597.96865857371,67799.16073999963
2024-09-22,1887.1233644010988,282.4965030833318,1604.626861317767,66194.53387868186
2024-10-22,1887.1233644010988,275.8105578278411,1611.3128065732576,64583.2210721086
2024-11-21,1887.1233644010988,269.0967544671192,1618.0266099339797,62965.19446217462
2024-12-21,1887.1233644010988,262.3549769257276,1624.7683874753711,61340.42607469925
2025-01-20,1887.1233644010988,255.5851086445802,1631.5382557565185,59708.887818942734
2025-02-19,1887.1233644010988,248.78703257892806,1638.3363318221707,58070.55148712057
2025-03-21,1887.1233644010988,241.9606311963357,1645.162733204763,56425.3887539158
2025-04-20,1887.1233644010988,235.10578647464916,1652.0175779264496,54773.371175989356
2025-05-20,1887.1233644010988,228.22237989995565,1658.900984501143,53114.47019148821
2025-06-19,1887.1233644010988,221.3102924645342,1665.8130719365645,51448.657119551644
2025-07-19,1887.1233644010988,214.3694046647985,1672.7539597363002,49775.903159815345
2025-08-18,1887.1233644010988,207.3995964992306,1679.723767901868,48096.17939191348
2025-09-17,1887.1233644010988,200.40074746630617,1686.7226169347925,46409.45677497869
2025-10-17,1887.1233644010988,193.3727365624112,1693.7506278386877,44715.70614714
2025-11-16,1887.1233644010988,186.31544227975002,1700.8079221213488,43014.89822501865
2025-12-16,1887.1233644010988,179.2287426042444,1707.8946217968544,41307.0036032218
2026-01-15,1887.1233644010988,172.11251501342414,1715.0108493876746,39591.99275383412
2026-02-14,1887.1233644010988,164.96663647430884,1722.15672792679,37869.83602590733
2026-03-16,1887.1233644010988,157.79098344128053,1729.3323809598182,36140.503644947516
2026-04-15,1887.1233644010988,150.58543185394797,1736.5379325471508,34403.965712400364
2026-05-15,1887.1233644010988,143.3498571350015,1743.7735072660973,32660.192205134266
2026-06-14,1887.1233644010988,136.08413418805944,1751.0392302130394,30909.152974921228
2026-07-14,1887.1233644010988,128.78813739550512,1758.3352270055937,29150.817747915633
2026-08-13,1887.1233644010988,121.46174061631514,1765.6616237847836,27385.15612413085
2026-09-12,1887.1233644010988,114.10481718387854,1773.0185472172202,25612.13757691363
2026-10-12,1887.1233644010988,106.71723990380679,1780.406124497292,23831.731452416338
2026-11-11,1887.1233644010988,99.29888105173474,1787.824483349364,22043.906969066975
2026-12-11,1887.1233644010988,91.8496123711124,1795.2737520299863,20248.63321703699
2027-01-10,1887.1233644010988,84.36930507098745,1802.7540593301114,18445.879157706877
2027-02-09,1887.1233644010988,76.85782982377866,1810.26553457732,16635.613623129557
2027-03-11,1887.1233644010988,69.31505676303982,1817.808307638059,14817.805315491498
2027-04-10,1887.1233644010988,61.740855481214574,1825.3825089198842,12992.422806571614
2027-05-10,1887.1233644010988,54.13509502738172,1832.988269373717,11159.434537197898
2027-06-09,1887.1233644010988,46.49764390499124,1840.6257204961075,9318.80881670179
2027-07-09,1887.1233644010988,38.82837006959079,1848.294994331508,7470.5138223702825
2027-08-08,1887.1233644010988,31.127140926542843,1855.996223474556,5614.517598895726
2027-09-07,1887.1233644010988,23.393823328732193,1863.7295410723666,3750.78805782336
2027-10-07,1887.1233644010988,15.628283574264,1871.4950808268347,1879.292976996525
2027-11-06,1887.1233644010988,7.830387404152188,1879.2929769969467,-4.2155079427175224e-10
